vision_x,vision_y,vision_z,mocap_x,mocap_y,mocap_z,quad_x,quad_y,quad_z,quad_roll,quad_pitch,quad_yaw,error_x,error_y,error_z,trans_x,trans_y,trans_z,t
1.05926,0.579921,0.208391,1.03765,-0.63316,0.296234,-0.362992,0.481526,1.00508,-0.0450827,0.00843061,0.00484682,-0.0216194,-1.21308,0.0878424,-1.40064,1.11469,0.708844,1656864028
1.08652,0.629306,0.109161,1.03898,-0.633007,0.295649,-0.259521,-0.0169188,0.637745,0.0267341,0.027001,-0.00213529,-0.0475458,-1.26231,0.186487,-1.2985,0.616088,0.342096,1656864032
1.11007,0.633632,0.112708,1.03847,-0.632686,0.296081,-0.172692,-0.023181,0.522283,0.0187843,0.0110475,-0.00400166,-0.071593,-1.26632,0.183373,-1.21117,0.609505,0.226202,1656864032
1.10045,0.632241,0.130608,1.03849,-0.633293,0.295408,-0.0916075,-0.029059,0.439436,0.0147008,0.00746195,-0.00579161,-0.0619644,-1.26553,0.1648,-1.13009,0.604234,0.144028,1656864032
0.953984,0.588641,0.189046,1.03912,-0.633254,0.295658,-0.170975,-0.453044,1.39701,0.0214614,0.055985,-0.00240629,0.085134,-1.2219,0.106612,-1.21009,0.18021,1.10135,1656864041
0.949155,0.606908,0.195212,1.03986,-0.632987,0.2956,-0.259286,-0.487787,1.42344,0.0159407,0.0609184,0.000458571,0.0907078,-1.23989,0.100388,-1.29915,0.1452,1.12784,1656864041
1.06033,0.683768,0.0996999,1.03913,-0.633052,0.295777,-0.373825,-0.519092,1.09272,-0.00297186,0.0194593,-0.00179108,-0.0212023,-1.31682,0.196078,-1.41296,0.11396,0.796945,1656864042
